model,subj,a_0,b_0,p_0,h_0,a_opt,b_opt,p_opt,h_opt,nll
flat-history,1,0.25,0.1,NA,NA,0.8531645877968593,0.06200571764076147,NA,NA,279.5707854211419
flat-history,1,0.25,1.0,NA,NA,0.8531622020113551,0.062005506183269804,NA,NA,279.57078542032656
flat-history,1,0.5,0.1,NA,NA,0.8531621761520634,0.062005505640190715,NA,NA,279.5707854203266
flat-history,1,0.5,1.0,NA,NA,0.853162839015461,0.062005536163321315,NA,NA,279.5707854203522
flat-history,1,0.75,0.1,NA,NA,0.8531628714256093,0.062005517041955886,NA,NA,279.57078542036163
flat-history,1,0.75,1.0,NA,NA,0.8531623116473896,0.0620055115293714,NA,NA,279.5707854203263
flat-history,2,0.25,0.1,NA,NA,0.9902268289469716,0.10234246703853431,NA,NA,465.17104123012916
flat-history,2,0.25,1.0,NA,NA,0.9902247859187242,0.10234236526252408,NA,NA,465.171041229749
flat-history,2,0.5,0.1,NA,NA,0.9902274036243158,0.10234220575079434,NA,NA,465.17104123075427
flat-history,2,0.5,1.0,NA,NA,0.9902253688002186,0.10234236687760259,NA,NA,465.171041229778
flat-history,2,0.75,0.1,NA,NA,0.9902310234007485,0.10234264566521273,NA,NA,465.1710412327952
flat-history,2,0.75,1.0,NA,NA,0.9902249920414967,0.10234228826773745,NA,NA,465.1710412298113
flat-history,3,0.25,0.1,NA,NA,0.7222506692396155,0.15964448051673488,NA,NA,723.8684685871658
flat-history,3,0.25,1.0,NA,NA,0.7222498923602719,0.15964485793921593,NA,NA,723.8684685884607
flat-history,3,0.5,0.1,NA,NA,0.7222567069772335,0.1596439007214564,NA,NA,723.8684685989487
flat-history,3,0.5,1.0,NA,NA,0.7222503788853535,0.15964449350642018,NA,NA,723.8684685871751
flat-history,3,0.75,0.1,NA,NA,0.7222502599646793,0.15964450712505793,NA,NA,723.8684685871943
flat-history,3,0.75,1.0,NA,NA,0.722249672514103,0.15964416660579547,NA,NA,723.8684685878042
flat-history,4,0.25,0.1,NA,NA,0.7940586267421403,0.08415252192138464,NA,NA,381.78889405794223
flat-history,4,0.25,1.0,NA,NA,0.7940583435794429,0.08415250007777082,NA,NA,381.7888940579205
flat-history,4,0.5,0.1,NA,NA,0.794057245911146,0.0841524901356322,NA,NA,381.78889405801186
flat-history,4,0.5,1.0,NA,NA,0.7940579754994879,0.08415249193437094,NA,NA,381.78889405791347
flat-history,4,0.75,0.1,NA,NA,0.7940572301070186,0.08415250865341452,NA,NA,381.7888940580358
flat-history,4,0.75,1.0,NA,NA,0.7940586423016253,0.08415250640311599,NA,NA,381.7888940579521
flat-history,5,0.25,0.1,NA,NA,0.8054629480151462,0.14929766201209002,NA,NA,608.1210819893101
flat-history,5,0.25,1.0,NA,NA,0.8054628765781409,0.14929749598506942,NA,NA,608.1210819895233
flat-history,5,0.5,0.1,NA,NA,0.8054630718387725,0.149297661267203,NA,NA,608.1210819893155
flat-history,5,0.5,1.0,NA,NA,0.8054629826462614,0.1492976375611949,NA,NA,608.1210819893165
flat-history,5,0.75,0.1,NA,NA,0.8054630041329758,0.1492976580937437,NA,NA,608.1210819893122
flat-history,5,0.75,1.0,NA,NA,0.8054630176059474,0.14929771186953825,NA,NA,608.1210819893292
flat-history,6,0.25,0.1,NA,NA,0.7657045085028699,0.06804631561605325,NA,NA,339.8745002659426
flat-history,6,0.25,1.0,NA,NA,0.7657044900808765,0.06804631118450873,NA,NA,339.87450026594377
flat-history,6,0.5,0.1,NA,NA,0.7657062262737342,0.0680465375942067,NA,NA,339.8745002667386
flat-history,6,0.5,1.0,NA,NA,0.7657044528832239,0.06804628184989903,NA,NA,339.87450026596963
flat-history,6,0.75,0.1,NA,NA,0.7657045883855106,0.06804629486388196,NA,NA,339.87450026595695
flat-history,6,0.75,1.0,NA,NA,0.7657046493014982,0.06804632088203243,NA,NA,339.8745002659414
flat-history,7,0.25,0.1,NA,NA,0.9631992788086595,0.18294035373247886,NA,NA,889.4224542994684
flat-history,7,0.25,1.0,NA,NA,0.963199385825163,0.18294035648247586,NA,NA,889.4224542994658
flat-history,7,0.5,0.1,NA,NA,0.9631992675086851,0.1829403555453377,NA,NA,889.4224542994689
flat-history,7,0.5,1.0,NA,NA,0.9631991951978507,0.18294032352206893,NA,NA,889.4224542994804
flat-history,7,0.75,0.1,NA,NA,0.9631992404285727,0.18294035021832358,NA,NA,889.422454299471
flat-history,7,0.75,1.0,NA,NA,0.9632011476912334,0.18294050869167783,NA,NA,889.4224543000822
flat-history,8,0.25,0.1,NA,NA,0.8486217108556647,0.09069640562489845,NA,NA,424.046622230491
flat-history,8,0.25,1.0,NA,NA,0.8486209375863069,0.09069618703331445,NA,NA,424.04662222989157
flat-history,8,0.5,0.1,NA,NA,0.8486212497441227,0.09069619310012296,NA,NA,424.0466222298715
flat-history,8,0.5,1.0,NA,NA,0.8486202626399516,0.0906962553896837,NA,NA,424.04662223018823
flat-history,8,0.75,0.1,NA,NA,0.8486211854642358,0.0906962279337237,NA,NA,424.04662222989344
flat-history,8,0.75,1.0,NA,NA,0.848620788128504,0.09069622507210902,NA,NA,424.0466222299476
flat-history,9,0.25,0.1,NA,NA,0.8622511680298554,0.050776239577394355,NA,NA,251.27267502042412
flat-history,9,0.25,1.0,NA,NA,0.8622507189510331,0.05077618161042771,NA,NA,251.27267502051274
flat-history,9,0.5,0.1,NA,NA,0.8622508640096984,0.05077621658373272,NA,NA,251.27267502044745
flat-history,9,0.5,1.0,NA,NA,0.862248834868394,0.05077614849786097,NA,NA,251.2726750210145
flat-history,9,0.75,0.1,NA,NA,0.8622510798078648,0.05077622716383132,NA,NA,251.27267502043168
flat-history,9,0.75,1.0,NA,NA,0.862247211740411,0.05077609359159267,NA,NA,251.27267502204646
flat-history,10,0.25,0.1,NA,NA,0.6890715206511736,0.1786070509630629,NA,NA,909.0144882726738
flat-history,10,0.25,1.0,NA,NA,0.6890686689704367,0.17860745090999025,NA,NA,909.0144882693727
flat-history,10,0.5,0.1,NA,NA,0.6890700719339771,0.17860723700069916,NA,NA,909.0144882703087
flat-history,10,0.5,1.0,NA,NA,0.6890685619628611,0.17860746802194516,NA,NA,909.0144882693654
flat-history,10,0.75,0.1,NA,NA,0.6890674880872,0.17860778986076395,NA,NA,909.0144882703588
flat-history,10,0.75,1.0,NA,NA,0.6890684465625219,0.17860737117860603,NA,NA,909.0144882694236
flat-history,11,0.25,0.1,NA,NA,0.8363118238020484,0.10218912139694974,NA,NA,464.4037162055208
flat-history,11,0.25,1.0,NA,NA,0.8363119534432905,0.10219004422941794,NA,NA,464.4037162106099
flat-history,11,0.5,0.1,NA,NA,0.8363103943994825,0.10218934886008937,NA,NA,464.40371620401015
flat-history,11,0.5,1.0,NA,NA,0.8363099572082806,0.10218938090012052,NA,NA,464.4037162040436
flat-history,11,0.75,0.1,NA,NA,0.8363099292351484,0.10218931521151488,NA,NA,464.4037162040099
flat-history,11,0.75,1.0,NA,NA,0.8363106811582883,0.10218938945969364,NA,NA,464.4037162040659
flat-history,12,0.25,0.1,NA,NA,0.8509325705612759,0.09328062315392803,NA,NA,398.71344560343834
flat-history,12,0.25,1.0,NA,NA,0.8509323493963817,0.09328060008178869,NA,NA,398.71344560344664
flat-history,12,0.5,0.1,NA,NA,0.8509324932002503,0.09328062110300005,NA,NA,398.71344560343783
flat-history,12,0.5,1.0,NA,NA,0.8509324365355808,0.09328062955204233,NA,NA,398.7134456034387
flat-history,12,0.75,0.1,NA,NA,0.850932449481685,0.09328061861627295,NA,NA,398.7134456034388
flat-history,12,0.75,1.0,NA,NA,0.8509324005423943,0.09328064043996726,NA,NA,398.7134456034442
simple-hierarchical,1,0.25,0.1,0.05,NA,0.17970197208955085,0.0672001706423934,0.05,NA,225.4770443288284
simple-hierarchical,1,0.25,1.0,0.05,NA,0.17970114925455186,0.06719989074391017,0.05,NA,225.47704432885996
simple-hierarchical,1,0.5,0.1,0.05,NA,0.17970086562317875,0.06719932169784229,0.05,NA,225.47704433149846
simple-hierarchical,1,0.5,1.0,0.05,NA,0.1797013710560289,0.06719997009999508,0.05,NA,225.47704432884626
simple-hierarchical,1,0.75,0.1,0.05,NA,0.689183971811333,0.1720396742832356,0.05,NA,271.0619939643009
simple-hierarchical,1,0.75,1.0,0.05,NA,0.17970108868396092,0.06719987075876603,0.05,NA,225.47704432886454
simple-hierarchical,2,0.25,0.1,0.05,NA,0.4460476802516212,0.1775071716677698,0.05,NA,399.2510541526424
simple-hierarchical,2,0.25,1.0,0.05,NA,0.4460477918320714,0.17750719332006562,0.05,NA,399.2510541526414
simple-hierarchical,2,0.5,0.1,0.05,NA,0.4460493680926895,0.17750732120688678,0.05,NA,399.25105415299885
simple-hierarchical,2,0.5,1.0,0.05,NA,0.4460476709199272,0.17750716226709196,0.05,NA,399.2510541526434
simple-hierarchical,2,0.75,0.1,0.05,NA,0.44604632996042193,0.17750722899427882,0.05,NA,399.2510541532793
simple-hierarchical,2,0.75,1.0,0.05,NA,0.44604749728705934,0.1775071671818304,0.05,NA,399.2510541526521
simple-hierarchical,3,0.25,0.1,0.05,NA,0.42870120325183414,0.20073215927038196,0.05,NA,597.6042874681614
simple-hierarchical,3,0.25,1.0,0.05,NA,0.4480702943162453,0.20388284224044642,0.05,NA,597.5129188679813
simple-hierarchical,3,0.5,0.1,0.05,NA,0.44807123181309155,0.20388300634591552,0.05,NA,597.5129188676832
simple-hierarchical,3,0.5,1.0,0.05,NA,0.44807104632527545,0.20388297210451944,0.05,NA,597.5129188676907
simple-hierarchical,3,0.75,0.1,0.05,NA,0.4287014015773098,0.20073218710696497,0.05,NA,597.6042874681788
simple-hierarchical,3,0.75,1.0,0.05,NA,0.4287014800131898,0.20073213415273164,0.05,NA,597.6042874682187
simple-hierarchical,4,0.25,0.1,0.05,NA,0.45136110465837126,0.1446357746930095,0.05,NA,293.3658782398983
simple-hierarchical,4,0.25,1.0,0.05,NA,0.4513611916956228,0.14463577496499433,0.05,NA,293.36587823989754
simple-hierarchical,4,0.5,0.1,0.05,NA,0.4513611816242085,0.1446357771310047,0.05,NA,293.3658782398971
simple-hierarchical,4,0.5,1.0,0.05,NA,0.45136144606132295,0.14463583544471612,0.05,NA,293.3658782398987
simple-hierarchical,4,0.75,0.1,0.05,NA,0.45136102073267353,0.14463574362410603,0.05,NA,293.3658782399046
simple-hierarchical,4,0.75,1.0,0.05,NA,0.45136090374572846,0.14463583061656496,0.05,NA,293.36587823995103
simple-hierarchical,5,0.25,0.1,0.05,NA,0.5176741782102798,0.22401087143643975,0.05,NA,537.5900214115507
simple-hierarchical,5,0.25,1.0,0.05,NA,0.5176737032604743,0.22401094631580806,0.05,NA,537.5900214113929
simple-hierarchical,5,0.5,0.1,0.05,NA,0.5176736045339715,0.22401089984284722,0.05,NA,537.5900214114035
simple-hierarchical,5,0.5,1.0,0.05,NA,0.5176738673549366,0.22401096740508566,0.05,NA,537.5900214113979
simple-hierarchical,5,0.75,0.1,0.05,NA,0.5176736087326902,0.2240108708552086,0.05,NA,537.5900214114187
simple-hierarchical,5,0.75,1.0,0.05,NA,0.5176736937719448,0.22401094441100952,0.05,NA,537.5900214113929
simple-hierarchical,6,0.25,0.1,0.05,NA,0.3020200041718496,0.12092693997279533,0.05,NA,279.13799413482167
simple-hierarchical,6,0.25,1.0,0.05,NA,0.3020200680519782,0.12092695670855894,0.05,NA,279.1379941348212
simple-hierarchical,6,0.5,0.1,0.05,NA,0.3020198971150139,0.12092690993069759,0.05,NA,279.1379941348245
simple-hierarchical,6,0.5,1.0,0.05,NA,0.30201987648686623,0.12092689971172926,0.05,NA,279.1379941348252
simple-hierarchical,6,0.75,0.1,0.05,NA,0.30201984738902193,0.12092688637487767,0.05,NA,279.13799413482707
simple-hierarchical,6,0.75,1.0,0.05,NA,0.30201990799237605,0.12092690550862337,0.05,NA,279.1379941348247
simple-hierarchical,7,0.25,0.1,0.05,NA,0.5464746574077172,0.23249157693624967,0.05,NA,763.7192690033689
simple-hierarchical,7,0.25,1.0,0.05,NA,0.5460284989936639,0.23241309666403415,0.05,NA,763.7193612127267
simple-hierarchical,7,0.5,0.1,0.05,NA,0.546474673942701,0.23249187557385487,0.05,NA,763.7192690041858
simple-hierarchical,7,0.5,1.0,0.05,NA,0.5460310761688218,0.23241335218913178,0.05,NA,763.7193612087242
simple-hierarchical,7,0.75,0.1,0.05,NA,0.5464745295206865,0.23249153235788605,0.05,NA,763.7192690033291
simple-hierarchical,7,0.75,1.0,0.05,NA,0.5464745578028356,0.23249132311029808,0.05,NA,763.7192690034029
simple-hierarchical,8,0.25,0.1,0.05,NA,0.269551523767498,0.13447448818089008,0.05,NA,404.80430644176533
simple-hierarchical,8,0.25,1.0,0.05,NA,0.5112232373195256,0.18575754515096735,0.05,NA,402.61551865244286
simple-hierarchical,8,0.5,0.1,0.05,NA,0.5112241024265639,0.18575740190330392,0.05,NA,402.61551865287674
simple-hierarchical,8,0.5,1.0,0.05,NA,0.5112241248597539,0.18575760832646437,0.05,NA,402.61551865254603
simple-hierarchical,8,0.75,0.1,0.05,NA,0.511223359294967,0.18575755678261197,0.05,NA,402.6155186524404
simple-hierarchical,8,0.75,1.0,0.05,NA,0.5112235436833169,0.1857575586201953,0.05,NA,402.61551865244905
simple-hierarchical,9,0.25,0.1,0.05,NA,0.45148254006833927,0.12597898102583074,0.05,NA,207.0432375256795
simple-hierarchical,9,0.25,1.0,0.05,NA,0.4514760805598839,0.12597773699086603,0.05,NA,207.04323752736
simple-hierarchical,9,0.5,0.1,0.05,NA,0.45148031547410183,0.12597858272016169,0.05,NA,207.04323752592046
simple-hierarchical,9,0.5,1.0,0.05,NA,0.45147870853163746,0.12597818386011064,0.05,NA,207.04323752639075
simple-hierarchical,9,0.75,0.1,0.05,NA,0.4514859953812326,0.12598038251270088,0.05,NA,207.0432375284944
simple-hierarchical,9,0.75,1.0,0.05,NA,0.4514842533018984,0.1259792900321877,0.05,NA,207.04323752571509
simple-hierarchical,10,0.25,0.1,0.05,NA,0.279683788125574,0.18762729849296275,0.05,NA,809.3553360318715
simple-hierarchical,10,0.25,1.0,0.05,NA,0.27967220941408194,0.18762202872190245,0.05,NA,809.3553359940397
simple-hierarchical,10,0.5,0.1,0.05,NA,0.27967215106718496,0.18762210122319534,0.05,NA,809.3553359939712
simple-hierarchical,10,0.5,1.0,0.05,NA,0.2796723758264381,0.1876220891163287,0.05,NA,809.3553359940412
simple-hierarchical,10,0.75,0.1,0.05,NA,0.2796727181182578,0.18762244820846102,0.05,NA,809.3553359941222
simple-hierarchical,10,0.75,1.0,0.05,NA,0.2796720871270064,0.18762208406515996,0.05,NA,809.3553359939765
simple-hierarchical,11,0.25,0.1,0.05,NA,0.3897717721236165,0.14611114802451441,0.05,NA,367.897084612091
simple-hierarchical,11,0.25,1.0,0.05,NA,0.3897719763233855,0.1461111909821828,0.05,NA,367.8970846120958
simple-hierarchical,11,0.5,0.1,0.05,NA,0.38977173188604447,0.1461111301019393,0.05,NA,367.89708461209096
simple-hierarchical,11,0.5,1.0,0.05,NA,0.38977178438097787,0.1461111565511088,0.05,NA,367.89708461209096
simple-hierarchical,11,0.75,0.1,0.05,NA,0.38977189629317843,0.1461111898399108,0.05,NA,367.897084612094
simple-hierarchical,11,0.75,1.0,0.05,NA,0.38977164095478656,0.1461111129752128,0.05,NA,367.89708461209364
simple-hierarchical,12,0.25,0.1,0.05,NA,0.40255328147380387,0.16784535374823978,0.05,NA,363.0265863473415
simple-hierarchical,12,0.25,1.0,0.05,NA,0.40255238182684555,0.1678450580764168,0.05,NA,363.0265863470308
simple-hierarchical,12,0.5,0.1,0.05,NA,0.40255263334521396,0.16784520120739727,0.05,NA,363.02658634709485
simple-hierarchical,12,0.5,1.0,0.05,NA,0.40255241159573946,0.16784506948012287,0.05,NA,363.0265863470308
simple-hierarchical,12,0.75,0.1,0.05,NA,0.40255324018215793,0.16784529459242903,0.05,NA,363.0265863472647
simple-hierarchical,12,0.75,1.0,0.05,NA,0.4025522038519182,0.16784502141565907,0.05,NA,363.0265863470416
hierarchical,1,0.25,0.1,0.05,1.0,0.17970010028217592,0.06719951888956702,0.14285709823053455,1.0,604.4245224274703
hierarchical,1,0.25,1.0,0.05,1.0,0.17970224244668417,0.06720028348812845,0.14285757652463915,1.0,604.4245224280287
hierarchical,1,0.5,0.1,0.05,1.0,0.17968815327491053,0.06719535446716966,0.14285603990250353,1.0,604.4245224388717
hierarchical,1,0.5,1.0,0.05,1.0,0.6891916420539682,0.17204001347831072,0.14285764165888004,1.0,650.0094720676891
hierarchical,1,0.75,0.1,0.05,1.0,0.6891847276703029,0.1720390038940038,0.14285677526220564,1.0,650.0094720655892
hierarchical,1,0.75,1.0,0.05,1.0,0.17970096675789451,0.06719982999053181,0.14285711760644973,1.0,604.4245224273653
hierarchical,2,0.25,0.1,0.05,1.0,0.4460472494169959,0.17750701204823333,0.3228346397711832,1.0,1038.3025562932135
hierarchical,2,0.25,1.0,0.05,1.0,0.44604849144880127,0.17750730321032668,0.3228346386777321,1.0,1038.3025562931962
hierarchical,2,0.5,0.1,0.05,1.0,0.446044022096633,0.17750622243672382,0.32283425776184477,1.0,1038.3025562955272
hierarchical,2,0.5,1.0,0.05,1.0,0.4460504304608653,0.17750803395666448,0.3228349310829205,1.0,1038.3025562948924
hierarchical,2,0.75,0.1,0.05,1.0,0.4460473798141962,0.17750714644740065,0.32283489070174426,1.0,1038.302556293301
hierarchical,2,0.75,1.0,0.05,1.0,0.446049133218261,0.17750802713733801,0.32282947577671384,1.0,1038.3025563574188
hierarchical,3,0.25,0.1,0.05,1.0,0.4480698587865906,0.20388307362715521,0.482994558113896,1.0,1411.9735998714498
hierarchical,3,0.25,1.0,0.05,1.0,0.4480710201724229,0.2038829961519146,0.4829931115279814,1.0,1411.973599865956
hierarchical,3,0.5,0.1,0.05,1.0,0.44807129843790533,0.20388300681039975,0.4829931943364239,1.0,1411.9735998659237
hierarchical,3,0.5,1.0,0.05,1.0,0.4480713329175522,0.20388268058793532,0.48299303731364834,1.0,1411.973599866564
hierarchical,3,0.75,0.1,0.05,1.0,0.4480730569615042,0.2038836059995771,0.48299315156692546,1.0,1411.973599867802
hierarchical,3,0.75,1.0,0.05,1.0,0.44807171199054785,0.20388312171984935,0.4829931063732129,1.0,1411.9735998660535
hierarchical,4,0.25,0.1,0.05,1.0,0.4513612594140069,0.14463663678549607,0.26582463321611893,1.0,842.3144527437721
hierarchical,4,0.25,1.0,0.05,1.0,0.45136234424245825,0.14463595011753397,0.26582282051742256,1.0,842.3144527321592
hierarchical,4,0.5,0.1,0.05,1.0,0.4513611464681615,0.1446359726354219,0.26582195045468,1.0,842.3144527338923
hierarchical,4,0.5,1.0,0.05,1.0,0.45136167102170727,0.14463617106948704,0.2658228971088886,1.0,842.3144527324996
hierarchical,4,0.75,0.1,0.05,1.0,0.4513610552215102,0.1446357691209797,0.2658227708430447,1.0,842.3144527320266
hierarchical,4,0.75,1.0,0.05,1.0,0.45136152000403335,0.14463575268420803,0.2658229316200491,1.0,842.314452732128
hierarchical,5,0.25,0.1,0.05,1.0,0.5176723118666042,0.22401094643843764,0.4317752596518334,1.0,1269.2656158752277
hierarchical,5,0.25,1.0,0.05,1.0,0.5176740390085112,0.22401091465751372,0.43177564380177896,1.0,1269.2656158741354
hierarchical,5,0.5,0.1,0.05,1.0,0.5176736227609372,0.22401100026388582,0.43177574825432674,1.0,1269.2656158740958
hierarchical,5,0.5,1.0,0.05,1.0,0.5176737870924647,0.22401098026258792,0.4317756145081847,1.0,1269.2656158740872
hierarchical,5,0.75,0.1,0.05,1.0,0.5176731810969396,0.22401091518456506,0.43177573226449956,1.0,1269.2656158741597
hierarchical,5,0.75,1.0,0.05,1.0,0.5176733207953784,0.22401075835002066,0.43177569514287284,1.0,1269.2656158742177
hierarchical,6,0.25,0.1,0.05,1.0,0.3020255803990106,0.12092860579096483,0.2084200919150096,1.0,765.4022918170627
hierarchical,6,0.25,1.0,0.05,1.0,0.3020222232752666,0.1209269290976768,0.20842136756380583,1.0,765.4022918153382
hierarchical,6,0.5,0.1,0.05,1.0,0.3020134850981689,0.12092419122450174,0.20841979001324654,1.0,765.402291824012
hierarchical,6,0.5,1.0,0.05,1.0,0.30201746520523376,0.120925550533516,0.2084199465092448,1.0,765.4022918184064
hierarchical,6,0.75,0.1,0.05,1.0,0.3020105875139522,0.12092661336465248,0.20842394309724466,1.0,765.4022918808862
hierarchical,6,0.75,1.0,0.05,1.0,0.3020246685036846,0.1209283548743119,0.2084202117381922,1.0,765.40229181567
hierarchical,7,0.25,0.1,0.05,1.0,0.5455099686021587,0.23494558145486996,0.7411766410393299,0.9847240198399791,1541.376753751887
hierarchical,7,0.25,1.0,0.05,1.0,0.5455098693879533,0.2349461680380868,0.7411764973884098,0.984723129890529,1541.3767537507888
hierarchical,7,0.5,0.1,0.05,1.0,0.5455104632636327,0.23494555076347515,0.741175708170196,0.9847282438328119,1541.3767537561064
hierarchical,7,0.5,1.0,0.05,1.0,0.5455231655618304,0.2349469089576808,0.7411721191725319,0.9847292946897441,1541.3767539156577
hierarchical,7,0.75,0.1,0.05,1.0,0.545513571567213,0.23494652118864592,0.7411779061488902,0.9847260568378235,1541.3767537654464
hierarchical,7,0.75,1.0,0.05,1.0,0.5455074794294407,0.23494521014479627,0.7411819032406274,0.9847156046888035,1541.37675388098
hierarchical,8,0.25,0.1,0.05,1.0,0.26955151870525834,0.1343252291903562,0.2936151690255188,1.0,994.4385637696481
hierarchical,8,0.25,1.0,0.05,1.0,0.5112237644032515,0.1857575867296717,0.29363451664030277,1.0,992.2497500076809
hierarchical,8,0.5,0.1,0.05,1.0,0.5112246595772602,0.18575773495524853,0.293634127498005,1.0,992.2497500082231
hierarchical,8,0.5,1.0,0.05,1.0,0.5112200302272848,0.1857577017973713,0.2936345595054587,1.0,992.2497500111449
hierarchical,8,0.75,0.1,0.05,1.0,0.511230898115122,0.18575695769700337,0.2936321445403544,1.0,992.2497500429282
hierarchical,8,0.75,1.0,0.05,1.0,0.5112233236909949,0.18575758401508544,0.29363462603294,1.0,992.2497500076939
hierarchical,9,0.25,0.1,0.05,1.0,0.45149657897388196,0.12598177401701502,0.16397115875981244,1.0,593.4511580846994
hierarchical,9,0.25,1.0,0.05,1.0,0.45146867527624435,0.12597741881644434,0.16397140861911066,1.0,593.4511580853857
hierarchical,9,0.5,0.1,0.05,1.0,0.4514743055040843,0.1259772080772146,0.163971894166814,1.0,593.4511580776954
hierarchical,9,0.5,1.0,0.05,1.0,0.45148047243602285,0.12597848657698843,0.1639719742441997,1.0,593.4511580747246
hierarchical,9,0.75,0.1,0.05,1.0,0.4514830626578421,0.12597904892911146,0.16397242325737468,1.0,593.4511580741648
hierarchical,9,0.75,1.0,0.05,1.0,0.45140450113286956,0.1259672091371052,0.1639718990317128,1.0,593.4511582797311
hierarchical,10,0.25,0.1,0.05,1.0,0.27967087313121114,0.18762157676758232,0.5616046511856561,1.0,1766.3658386601853
hierarchical,10,0.25,1.0,0.05,1.0,0.2796743395436613,0.18762271216868817,0.5616036639408738,1.0,1766.3658386633651
hierarchical,10,0.5,0.1,0.05,1.0,0.2796729881277244,0.18762231964791165,0.5616027270517028,1.0,1766.3658386696266
hierarchical,10,0.5,1.0,0.05,1.0,0.2796735499859788,0.18762258734913126,0.5616036966379357,1.0,1766.3658386622938
hierarchical,10,0.75,0.1,0.05,1.0,0.2796724182353039,0.18762200539587662,0.5616046964473356,1.0,1766.3658386599727
hierarchical,10,0.75,1.0,0.05,1.0,0.2796721060472949,0.18762207599776354,0.5616039591478714,1.0,1766.3658386607797
hierarchical,11,0.25,0.1,0.05,1.0,0.3897668527003985,0.14611038859093442,0.3060425918616034,1.0,999.8082385156345
hierarchical,11,0.25,1.0,0.05,1.0,0.3897632378436168,0.1461089081131313,0.3060417596813683,1.0,999.8082385268572
hierarchical,11,0.5,0.1,0.05,1.0,0.38975599857690624,0.1461057789211665,0.3060428883066859,1.0,999.8082385754725
hierarchical,11,0.5,1.0,0.05,1.0,0.3897706337136735,0.1461109364688045,0.3060432088106976,1.0,999.8082385117465
hierarchical,11,0.75,0.1,0.05,1.0,0.389764590053529,0.14611114850343274,0.30604300275951984,1.0,999.8082385324539
hierarchical,11,0.75,1.0,0.05,1.0,0.3897697628302077,0.14611061629494715,0.306043221479329,1.0,999.8082385122659
hierarchical,12,0.25,0.1,0.05,1.0,0.4025521680678595,0.16784494763762584,0.2872569872395547,1.0,918.3278183800005
hierarchical,12,0.25,1.0,0.05,1.0,0.4025615602232682,0.1678465756584791,0.2872575504091854,1.0,918.3278184048006
hierarchical,12,0.5,0.1,0.05,1.0,0.40255221959402926,0.16784496199801008,0.2872568030090051,1.0,918.3278183800937
hierarchical,12,0.5,1.0,0.05,1.0,0.40255268615578643,0.16784506060369767,0.2872570969802299,1.0,918.3278183800087
hierarchical,12,0.75,0.1,0.05,1.0,0.40255232402805924,0.167845048394023,0.28725741063676924,1.0,918.3278183802971
hierarchical,12,0.75,1.0,0.05,1.0,0.4025574110049363,0.16784631823907498,0.28725958994258033,1.0,918.3278184026382
abstract-hierarchical,1,0.25,0.1,0.05,1.0,0.15625058120571353,0.061259766466857005,0.1515154786482457,1.0,549.2448553050447
abstract-hierarchical,1,0.25,1.0,0.05,1.0,0.156239821053122,0.0612566473412621,0.1515151437185966,1.0,549.2448552992623
abstract-hierarchical,1,0.5,0.1,0.05,1.0,0.15625613073955044,0.06126344541287035,0.15151659046760724,1.0,549.244855309333
abstract-hierarchical,1,0.5,1.0,0.05,1.0,0.15625260693282972,0.06126149660215809,0.15151512455048183,1.0,549.2448552993557
abstract-hierarchical,1,0.75,0.1,0.05,1.0,0.15624864044549602,0.06126030794948057,0.15151534379810233,1.0,549.2448552997533
abstract-hierarchical,1,0.75,1.0,0.05,1.0,0.15629203035790765,0.06127699380414205,0.1515177223208583,1.0,549.2448553396545
abstract-hierarchical,2,0.25,0.1,0.05,1.0,0.37208571677594704,0.20696375115773447,0.3228341480406092,1.0,977.4038497004119
abstract-hierarchical,2,0.25,1.0,0.05,1.0,0.37208042820489523,0.20696371562645507,0.32283344682231857,1.0,977.4038496973697
abstract-hierarchical,2,0.5,0.1,0.05,1.0,1.0,0.28596276443514257,0.32283457050506914,1.0,990.4114179419058
abstract-hierarchical,2,0.5,1.0,0.05,1.0,0.372075000051185,0.2069620082595408,0.32283326226061654,1.0,977.403849698373
abstract-hierarchical,2,0.75,0.1,0.05,1.0,1.0,0.28596330889959165,0.3228346168184997,1.0,990.4114179413828
abstract-hierarchical,2,0.75,1.0,0.05,1.0,0.372076682419783,0.2069624888987258,0.3228346578531721,1.0,977.4038496934915
abstract-hierarchical,3,0.25,0.1,0.05,1.0,0.34951494324986215,0.23220505364298819,0.4863938561602559,1.0,1356.1646606137688
abstract-hierarchical,3,0.25,1.0,0.05,1.0,0.3659657628565933,0.2363258284433696,0.48639488863687885,1.0,1356.1246953436278
abstract-hierarchical,3,0.5,0.1,0.05,1.0,0.36596642851011474,0.23632605545931168,0.48639455466193765,1.0,1356.1246953433356
abstract-hierarchical,3,0.5,1.0,0.05,1.0,0.3495147198763171,0.2322046052531303,0.4863945068201459,1.0,1356.164660612564
abstract-hierarchical,3,0.75,0.1,0.05,1.0,0.36596624272047285,0.23632595447657406,0.4863945409855396,1.0,1356.1246953433267
abstract-hierarchical,3,0.75,1.0,0.05,1.0,0.3659673747515662,0.2363235531434169,0.4863938921715861,1.0,1356.124695362265
abstract-hierarchical,4,0.25,0.1,0.05,1.0,0.3823644444961239,0.16371101185955095,0.2658227212055369,1.0,785.5842079991221
abstract-hierarchical,4,0.25,1.0,0.05,1.0,0.38236459059387556,0.163711326842398,0.26582279991584684,1.0,785.5842079989573
abstract-hierarchical,4,0.5,0.1,0.05,1.0,0.3823657473333541,0.16371164870785856,0.2658229044350513,1.0,785.5842079991553
abstract-hierarchical,4,0.5,1.0,0.05,1.0,0.3823662567560914,0.16371159618303982,0.2658225289123501,1.0,785.5842079994005
abstract-hierarchical,4,0.75,0.1,0.05,1.0,0.3823387147101021,0.16370232623865297,0.2658231228109708,1.0,785.5842080724412
abstract-hierarchical,4,0.75,1.0,0.05,1.0,0.38236450510315917,0.1637114102628278,0.2658227812543072,1.0,785.5842079989858
abstract-hierarchical,5,0.25,0.1,0.05,1.0,0.47494477400631485,0.23843905775988553,0.44299063610253214,1.0,1166.9574504785912
abstract-hierarchical,5,0.25,1.0,0.05,1.0,0.47494639645934494,0.2384396169564644,0.44299071781734156,1.0,1166.9574504782497
abstract-hierarchical,5,0.5,0.1,0.05,1.0,0.4749457316816809,0.2384386458634446,0.44299069181889145,1.0,1166.957450479849
abstract-hierarchical,5,0.5,1.0,0.05,1.0,0.4749452486943887,0.23843990923379202,0.44299155861390715,1.0,1166.9574504807415
abstract-hierarchical,5,0.75,0.1,0.05,1.0,0.474945863974545,0.23843948044576996,0.4429905285652054,1.0,1166.9574504782533
abstract-hierarchical,5,0.75,1.0,0.05,1.0,0.47494710558165587,0.23843910390191456,0.4429897739264353,1.0,1166.957450481053
abstract-hierarchical,6,0.25,0.1,0.05,1.0,0.2142123861389008,0.1223107207014205,0.20842057762953883,1.0,707.3913527003072
abstract-hierarchical,6,0.25,1.0,0.05,1.0,0.21421237596930634,0.1223115197340564,0.208421069755689,1.0,707.3913526974118
abstract-hierarchical,6,0.5,0.1,0.05,1.0,0.21421369886389377,0.12231254895202631,0.2084210649200889,1.0,707.391352697836
abstract-hierarchical,6,0.5,1.0,0.05,1.0,0.21421497473145942,0.12231293190990086,0.2084206343801287,1.0,707.3913526981337
abstract-hierarchical,6,0.75,0.1,0.05,1.0,0.2142121557014371,0.12231153833540492,0.2084209568223806,1.0,707.39135269748
abstract-hierarchical,6,0.75,1.0,0.05,1.0,0.21421099890290274,0.12231064959460602,0.20842091784674144,1.0,707.3913526980568
abstract-hierarchical,7,0.25,0.1,0.05,1.0,0.5269437206333253,0.24307024416465534,0.7852940829273842,1.0,1418.7363265393083
abstract-hierarchical,7,0.25,1.0,0.05,1.0,0.526943740600033,0.24307032871648937,0.7852941276533001,1.0,1418.736326539291
abstract-hierarchical,7,0.5,0.1,0.05,1.0,0.5269436963711366,0.24307031001774262,0.785294099111721,1.0,1418.736326539292
abstract-hierarchical,7,0.5,1.0,0.05,1.0,0.5269464897242807,0.2430707311196697,0.7852933664761839,1.0,1418.7363265454017
abstract-hierarchical,7,0.75,0.1,0.05,1.0,0.5269437732484069,0.24307036134262808,0.785293987605775,1.0,1418.7363265393717
abstract-hierarchical,7,0.75,1.0,0.05,1.0,0.5269436620644571,0.24307029629634008,0.785294069784999,1.0,1418.7363265393017
abstract-hierarchical,8,0.25,0.1,0.05,1.0,0.18012455040294148,0.13505619676287964,0.2936774611431741,1.0,939.9667847772095
abstract-hierarchical,8,0.25,1.0,0.05,1.0,0.18012449638990885,0.13514430180482065,0.2936623315399355,1.0,939.9667654544636
abstract-hierarchical,8,0.5,0.1,0.05,1.0,0.38583038808371833,0.21285766563463762,0.29352009897330217,1.0,952.395499300712
abstract-hierarchical,8,0.5,1.0,0.05,1.0,0.18012453260943698,0.1350800938061266,0.29400779331126387,1.0,939.9670967080195
abstract-hierarchical,8,0.75,0.1,0.05,1.0,0.1801244576732395,0.13511314532392865,0.2936697738627645,1.0,939.9667653362935
abstract-hierarchical,8,0.75,1.0,0.05,1.0,0.1801245494782513,0.13513602276713707,0.2936293839297516,1.0,939.9667625940423
abstract-hierarchical,9,0.25,0.1,0.05,1.0,0.4074609098425848,0.1399605752873827,0.16397233277264714,1.0,556.0383218713453
abstract-hierarchical,9,0.25,1.0,0.05,1.0,0.4074577026328898,0.13995987372844446,0.1639722939823318,1.0,556.0383218712303
abstract-hierarchical,9,0.5,0.1,0.05,1.0,0.40745888804750513,0.13996017220266269,0.16397217888277046,1.0,556.0383218712502
abstract-hierarchical,9,0.5,1.0,0.05,1.0,0.40745815114446077,0.13996000971594738,0.16397226427821063,1.0,556.0383218712172
abstract-hierarchical,9,0.75,0.1,0.05,1.0,0.4074534287852342,0.13995796294931226,0.16397129491856102,1.0,556.0383218769606
abstract-hierarchical,9,0.75,1.0,0.05,1.0,0.4075099894170259,0.13996942697028866,0.16397046068294882,1.0,556.0383219508076
abstract-hierarchical,10,0.25,0.1,0.05,1.0,0.22954771250094705,0.2133462110249845,0.5644694650830696,1.0,1680.5754122317571
abstract-hierarchical,10,0.25,1.0,0.05,1.0,0.229545902011607,0.21334544494791557,0.5644700213067633,1.0,1680.5754122314788
abstract-hierarchical,10,0.5,0.1,0.05,1.0,0.2295482241287918,0.21334658283738767,0.5644698887696752,1.0,1680.5754122312305
abstract-hierarchical,10,0.5,1.0,0.05,1.0,0.22955261165542856,0.21334987918992826,0.5644709335982916,1.0,1680.5754122396843
abstract-hierarchical,10,0.75,0.1,0.05,1.0,0.22954842491415717,0.21334673764861573,0.5644697263132655,1.0,1680.575412231376
abstract-hierarchical,10,0.75,1.0,0.05,1.0,0.22954734459095513,0.2133460137577634,0.5644697965490126,1.0,1680.5754122312057
abstract-hierarchical,11,0.25,0.1,0.05,1.0,0.4337979784705816,0.18490722935523515,0.3099421549471141,1.0,937.3214855662569
abstract-hierarchical,11,0.25,1.0,0.05,1.0,0.43378975000896397,0.18490478874302635,0.30994147731610944,1.0,937.3214855557682
abstract-hierarchical,11,0.5,0.1,0.05,1.0,0.43378767267259394,0.1849037011649028,0.3099413280620077,1.0,937.3214855548439
abstract-hierarchical,11,0.5,1.0,0.05,1.0,0.43378777769114807,0.18490429335612124,0.30994120368189004,1.0,937.3214855556797
abstract-hierarchical,11,0.75,0.1,0.05,1.0,0.43378848941986137,0.18490456882166947,0.30994541285490873,1.0,937.3214855921243
abstract-hierarchical,11,0.75,1.0,0.05,1.0,0.4338146477819558,0.18491168538845573,0.30993628450716765,1.0,937.3214856802007
abstract-hierarchical,12,0.25,0.1,0.05,1.0,0.26096355598821575,0.14652268268310806,0.2915763863497639,1.0,842.519797494273
abstract-hierarchical,12,0.25,1.0,0.05,1.0,0.26096411508088874,0.14652327752387073,0.29157665805637056,1.0,842.5197974939347
abstract-hierarchical,12,0.5,0.1,0.05,1.0,0.2609702426309001,0.14652555745038215,0.29157553089207716,1.0,842.519797502309
abstract-hierarchical,12,0.5,1.0,0.05,1.0,0.260973172191146,0.14652711165500248,0.29158071141560205,1.0,842.5197975438864
abstract-hierarchical,12,0.75,0.1,0.05,1.0,0.2609630148796838,0.14652314790256865,0.2915765946624363,1.0,842.5197974946213
abstract-hierarchical,12,0.75,1.0,0.05,1.0,0.2609571881156952,0.14652314136584998,0.29158164754002486,1.0,842.51979757655
